업소명,업종,도로명주소,지번주소,위도,경도,전화번호,기준일자
예전각전복설렁탕,한식,수원시 장안구 경수대로 816(영화동),경기도 수원시 장안구 영화동 97-29,37.2943942,127.0173741,031-245-2003,2025-03-18
시골밥집,한식,수원시 장안구 파장로76번길 25 (파장동),경기도 수원시 장안구 파장동 579-26,37.3071389,126.9933424,031-257-6717,2025-03-18
풍년식당,한식,수원시 장안구 팔달로 271번길 40 (영화동),경기도 수원시 장안구 영화동 275-7 경북여인숙,37.2911538,127.0135256,031-243-8237,2025-03-18
흥부네정육식당,한식,"수원시 장안구 정자로 146, 한솔빌딩 1층 (정자동)",경기도 수원시 장안구 정자동 454 한솔빌딩,37.3039613,126.9923549,031-269-0080,2025-03-18
진천생고기,한식,수원시 장안구 정조로934번길 25(영화동),경기도 수원시 장안구 영화동 293-38 풍천민물장어,37.2916844,127.0139945,031-256-3074,2025-03-18
정가네손칼국수,한식,"수원시 장안구 장안로75번길 52-2, 102호(정자동)",경기도 수원시 장안구 정자동 74-52,37.2903241,127.000137,031-252-9696,2025-03-18
똘똘이네M카페,한식,수원시 권선구 고색로 54번길66(고색동),경기도 수원시 권선구 고색동 299-8,37.2474241,126.9837744,031-278-5081,2025-03-18
가능골식당,한식,수원시 권선구 세지로42번길49 (세류동),경기도 수원시 권선구 세류동 1082-9,37.2551798,127.0190755,031-223-1620,2025-03-18
한우돈가,한식,수원시 권선구 효탑로 51(탑동),경기도 수원시 권선구 탑동 430-2,37.2680545,126.9728183,031-296-8592,2025-03-18
청명쭈꾸미철판구이,한식,수원시 권선구 권중로56번길 48 (권선동),경기도 수원시 권선구 권선동 1254-3,37.2530194,127.0288239,031-239-7892,2025-03-18
좋은고기,한식,수원시 권선구 세지로4번길 7-15(세류동),경기도 수원시 권선구 세류동 1112-7,37.2531536,127.0152292,031-233-7727,2025-03-18
못골해장국,한식,"수원시 권선구 금호로246번길 15-4,  (탑동)",경기도 수원시 권선구 탑동 5-6,37.2749485,126.9773175,031-278-3493,2025-03-18
스타마법요리,양식,수원시 권선구 매실로53번길 19 (호매실동),경기도 수원시 권선구 호매실동 395-14,37.2686703,126.9562376,031-291-8485,2025-03-18
영풍생고기,한식,수원시 팔달구 권광로276번길 9(인계동),경기도 수원시 팔달구 인계동 371-1 삼성아파트,37.2717415,127.0366581,031-214-3326,2025-03-18
푸드맘(교동점),한식, 수원시 팔달구 매산로 128(교동),경기도 수원시 팔달구 교동 132-4,37.2717437,127.0147535,031-236-6777,2025-03-18
통큰칼국수,한식,수원시 팔달구 중부대로17번길 14(영동),경기도 수원시 팔달구 영동 28-13,37.2759985,127.0188838,031-248-9464,2025-03-18
일미닭갈비파전,한식,수원시 팔달구 아주로 47번길 12 (우만동),경기도 수원시 팔달구 우만동 59,37.2792259,127.0430561,031-217-1242,2025-03-18
남문순대국,한식,수원시 팔달구 정조로791번길 5 (팔달로2가),경기도 수원시 팔달구 팔달로2가 87-1,37.2785414,127.0162817,031-245-8976,2025-03-18
옛날손칼국수,한식,수원시 팔달구 중부대로 36-1(인계동),경기도 수원시 팔달구 인계동 757-29,37.2751064,127.0208323,031-232-9298,2025-03-18
모이세 분식,한식,수원시 팔달구 팔달문로3번길 5(팔달로2가),경기도 수원시 팔달구 팔달로2가 47-11,37.2779073,127.0175922,031-245-1189,2025-03-18
해운대 국밥,한식,"수원시 팔달구 행궁로 106, 1층 (교동)",경기도 수원시 팔달구 교동 114-1,37.2731366,127.0158005,031-245-5582,2025-03-18
착한칼국수,한식,"수원시 팔달구 수원천로 258번길 13, 1층 (지동)",경기도 수원시 팔달구 지동 397-17,37.2765734,127.0203066,031-252-3359,2025-03-18
푸딩김밥,한식,수원시 팔달구 세지로 421 (우만동),경기도 수원시 팔달구 우만동 494-2,37.2865016,127.0307043,031-254-2567,2025-03-18
순보리네식당,한식,수원시 팔달구 장다리로 163 (인계동),경기도 수원시 팔달구 인계동 1010-11,37.2645635,127.0237341,031-225-5464,2025-03-18
홍두깨,한식,수원시 팔달구 정조로758번길 21 (영동),경기도 수원시 팔달구 영동 13-4,37.2757912,127.0180435,031-247-3351,2025-03-18
백천홍두깨칼국수,한식,수원시 팔달구 수원천로 264번길 21-11 (지동),경기도 수원시 팔달구 지동 400-8,37.2774127,127.019896,070-7559-1261,2025-03-18
마포생고기,한식,수원시 팔달구 향교로 132-1 (교동),경기도 수원시 팔달구 교동 93-3,37.2726416,127.014706,031-255-1264,2025-03-18
셰프스위트,양식,수원시 팔달구 정조로801번길 27(남창동),경기도 수원시 팔달구 남창동 78,37.2799694,127.0151177,031-242-6898,2025-03-18
츠요이,일식,수원시 팔달구 정조로801번길 27(남창동),경기도 수원시 팔달구 남창동 78,37.2799694,127.0151177,031-252-6898,2025-03-18
미소레,카페/제과,"수원시 팔달구 매산로1가 17 역전지하상가 나열 8,9,10호(매산로1가)",경기도 수원시 팔달구 매산로1가 17,37.2695023,126.9984709,031-247-9449,2025-03-18
분식나라 김밥마을,한식,수원시 영통구 덕영대로 1699(영통동),경기도 수원시 영통구 영통동 1024-7 영통빌딩,37.247974,127.0770925,031-206-0599,2025-03-18
뚱가네,한식,수원시 영통구 영통로 217번길5(영통동),경기도 수원시 영통구 영통동 978-6,37.2466737,127.0565997,031-234-5208,2025-03-18
국수촌,한식,수원시 영통구 매여울로53번길 63-2(매탄동),경기도 수원시 영통구 매탄동 172-61,37.2726669,127.0411348,031-213-5033,2025-03-18
늘푸른밥상,한식,수원시 영통구 매봉로27번길 28(매탄동),경기도 수원시 영통구 매탄동 111-98,37.2709832,127.0511031,031-217-0235,2025-03-18
경성89,한식,"수원시 영통구 법조로 25, 광교 SK뷰레이크근린생활동2층 203,204,205호(하동)",경기도 수원시 영통구 하동 1016-1 광교 SK VIEW Lake,37.2874971,127.0602549,031-212-7878,2025-03-18
도톰,일식,"수원시 영통구 중부대로256번길 48, 1층 일부호(매탄동)",경기도 수원시 영통구 매탄동 172-88,37.2726508,127.042751,031-213-3536,2025-03-18
붕붕샐러드,샐러드,수원시 영통구 신원로 146(신동),경기도 수원시 영통구 신동 340-7,37.2494864,127.0570273,031-206-9891,2025-03-18
장터밥상,한식,수원시 영통구 반달로46(영통동),경기도 수원시 영통구 영통동 1005-7,37.2501477,127.0767011,031-203-4846,2025-03-18
(장안)전주콩나물국밥,한식,수원시 장안구 조원로 89번길 31 (조원동),경기도 수원시 장안구 조원동 766-11,37.2998649,127.0145522,031-251-1174,2025-03-18
가람,한식, 수원시 팔달구 매산로20번길 21 (매산로2가) 103호,경기도 수원시 팔달구 매산로2가 97-21,37.2665033,127.0033591,031-245-3695,2025-03-18
강릉장칼국수,한식, 수원시 팔달구 수원천로 314 (남수동) 1층,경기도 수원시 팔달구 남수동 72-1,37.2814512,127.0185721,031-241-7959,2025-03-18
금자칼국수,한식," 수원시 권선구 세권로 185 (권선동) 173, 174호",경기도 수원시 권선구 권선동 1051,37.2560685,127.0247128,031-235-1237,2025-03-18
넘버원김밥,한식, 수원시 권선구 세권로 185 (권선동) 168호,경기도 수원시 권선구 권선동 1051,37.2560685,127.0247128,031-234-9333,2025-03-18
마음(MAUM),카페/제과, 수원시 영통구 매영로 87 (매탄동) 1층,경기도 수원시 영통구 매탄동 1215-8 진생빌딩,37.2680356,127.0524178,0507-1408-2019,2025-03-18
만두가게,한식, 수원시 팔달구 수원천로 315 (남수동) 1층,경기도 수원시 팔달구 남수동 130-2,37.2814828,127.0179216,031-251-3900,2025-03-18
요고트팜,카페/제과, 수원시 영통구 아주로 34 (원천동) 1층,경기도 수원시 영통구 원천동 22-1,37.2778541,127.0440683,031-306-0608,2025-03-18
이화식당,한식, 수원시 팔달구 중부대로128번길 62 (인계동),경기도 수원시 팔달구 인계동 954-11,37.2755539,127.0290444,031-238-2097,2025-03-18
착한설렁탕,한식, 수원시 팔달구 장다리로 222 (인계동) 1층,경기도 수원시 팔달구 인계동 965-9,37.2695201,127.0262271,031-224-7316,2025-03-18
천연석돌구이,한식," 수원시 영통구 삼성로 274 (원천동) 지하1층 상가 27,30호",경기도 수원시 영통구 원천동 332-2 수원팩토리월드,37.2655388,127.0643859,031-213-3408,2025-03-18
평화정육식당,한식," 수원시 팔달구 동말로68번길 15 (화서동, 수정아파트) 화서시장 가동 1층",경기도 수원시 팔달구 화서동 97-2 수정아파트,37.2781858,127.002304,031-242-8292,2025-03-18
항아리쭈꾸미,한식, 수원시 영통구 덕영대로1556번길 16 (영통동) 170호,경기도 수원시 영통구 영통동 980-3 디지털엠파이어빌딩,37.2452904,127.0591706,031-202-1208,2025-03-18
황금족발순대국,한식," 수원시 영통구 권광로260번길 36 (매탄동, 현대힐스테이트아파트) 106호",경기도 수원시 영통구 매탄동 176 현대힐스테이트아파트,37.2716966,127.0396241,031-217-7877,2025-03-18
지동손칼국수,한식,수원시 팔달구 세지로 298-1(지동),경기도 수원시 팔달구 지동 123-91,37.2777495,127.023945,031-254-4236,2025-03-18
지동슈퍼,카페/제과,수원시 팔달구 창룡문로 75-2 (지동),경기도 수원시 팔달구 지동 270-13,37.2837869,127.0240261,0507-877-3373,2025-03-18
중앙국수,한식,"수원시 팔달구 팔달문로 7, 2층 (팔달로2가)",경기도 수원시 팔달구 팔달로2가 48-7,37.277687,127.0182582,031-255-6614,2025-03-18
미랑,한식,"수원시 장안구 만석로 181, 1층 (송죽동)",경기도 수원시 장안구 송죽동 272-22,37.3030431,126.9992862,031-255-7200,2025-03-18
도담칡냉면,한식, 수원시 장안구 수성로382번길 32-3 (영화동),경기도 수원시 장안구 영화동 292-1,37.2927131,127.0145211,031-247-0925,2025-03-18
수원칼국수,한식, 수원시 영통구 태장로 81 (망포동) 103호,경기도 수원시 영통구 망포동 382-3 망포동 e-타운ll,37.2397865,127.0548346,031-205-2006,2025-03-18
전주식당,한식, 수원시 장안구 수성로382번길 38-11 (영화동),경기도 수원시 장안구 영화동 291-4 수원식당,37.2920395,127.0147885,031-244-1717,2025-03-18
금촌샤브칼국수,한식, 수원시 영통구 태장로 73 (망포동) 202호,경기도 수원시 영통구 망포동 378 정석 그린프라자,37.2393257,127.0543271,031-205-5636,2025-03-18
까페시모 우만점,카페/제과, 수원시 팔달구 경수대로656번길 37-22 (우만동) 1층,경기도 수원시 팔달구 우만동 505-12,37.2856314,127.0297361,031-304-0307,2025-03-18
꼼빠도르,카페/제과," 수원시 팔달구 정조로 797-2 (팔달로2가) 101, 102호",경기도 수원시 팔달구 팔달로2가 101-1,37.2793281,127.0163533,031-243-0588,2025-03-18
빵마루,카페/제과, 수원시 팔달구 세지로174번길 33 (인계동) 1층,경기도 수원시 팔달구 인계동 990-8,37.2665554,127.0237793,031-225-4507,2025-03-18
샐러디치오도씨 수원성대점,양식, 수원시 장안구 서부로2106번길 21 (율전동) 1층 4호,경기도 수원시 장안구 율전동 433-63 왕돈까스,37.2972733,126.9713749,0507-1468-1401,2025-03-18
파란풍차제과점,카페/제과, 수원시 권선구 하탑로 47 (탑동) 1층,경기도 수원시 권선구 탑동 356-9,37.2692982,126.9768734,031-296-9036,2025-03-18
광명수산 수원역점,일식, 수원시 팔달구 갓매산로 38 (매산로2가) 1층,경기도 수원시 팔달구 매산로2가 63-4 다성빌딩,37.267879,127.0056539,031-244-8899,2025-03-18
초이스시,일식," 수원시 팔달구 팔달문로153번길 7 (우만동, 스타맨션) 1층 101호",경기도 수원시 팔달구 우만동 529 스타맨션,37.2831945,127.0324841,031-309-0707,2025-03-18
영아네,한식, 수원시 영통구 중부대로256번길 54 (매탄동),경기도 수원시 영통구 매탄동 194-1,37.2723324,127.0426151,,2025-03-18
오늘은 분식,한식," 수원시 영통구 권광로260번길 36 (매탄동, 현대힐스테이트아파트) 상가2동 119호",경기도 수원시 영통구 매탄동 176 현대힐스테이트아파트,37.2716966,127.0396241,031-212-3849,2025-03-18
레알떡볶이,한식, 수원시 영통구 봉영로 1623 (영통동) 1층 133-2호,경기도 수원시 영통구 영통동 958-1 드림피아빌딩,37.2559363,127.0747301,0507-1311-8698,2025-03-18
은하식당,한식, 수원시 영통구 청명남로50번길 20 (영통동) 1층,경기도 수원시 영통구 영통동 1036-6,37.253154,127.0775614,0507-1338-8487,2025-03-18
24시 전주국밥(콩마루),한식, 수원시 영통구 청명남로 46 (영통동) 1층,경기도 수원시 영통구 영통동 1037-3,37.2534424,127.0765376,031-202-3324,2025-03-18
선행분식,한식, 수원시 영통구 신원로198번길 47-10 (매탄동) 1층,경기도 수원시 영통구 매탄동 510-10,37.2545689,127.0614134,0507-1343-9342,2025-03-18
황보네 분식,한식, 수원시 권선구 권광로 89 (권선동) ,경기도 수원시 권선구 권선동 1042-16,37.255871,127.0293626,031-226-0137,2025-03-18
만두촌,한식, 수원시 권선구 하탑로 39 (탑동) 102호,경기도 수원시 권선구 탑동 845-3,37.2691605,126.9758755,031-295-8798,2025-03-18
감스시,일식, 수원시 장안구 서부로2123번길 17 (율전동) 1층,경기도 수원시 장안구 율전동 292-7 우신빌딩,37.2982228,126.9702507,031-253-3302,2025-03-18
신화춘,중식, 수원시 장안구 송원로 83 (조원동) B동 108호,경기도 수원시 장안구 조원동 898-2,37.3024629,127.0095499,031-207-0571,2025-03-18
엘린컴퍼니,카페/제과,"수원시 영통구 권선로882번길71-5, 1층 105호(신동)",경기도 수원시 영통구 신동 929-1,37.247306,127.0420022,070-8019-1225,2025-03-18
궁돈보쌈,한식,수원시 영통구 영통로241번길 12-35(신동),경기도 수원시 영통구 신동 342-5,37.2494296,127.0579011,031-203-9399,2025-03-18
남문건강제분소,한식,"수원시 팔달구 창룡대로26번길 42-7(남수동, 1층)",경기도 수원시 팔달구 남수동 94,37.2800472,127.0188743,031-241-8002,2025-03-18
사랑이네 베트남쌀국수,외국음식전문점,"수원시 장안구 조원로89번길 44-2, 1층(조원동)",경기도 수원시 장안구 조원동 759-5,37.2997124,127.0139834,,2025-03-18
마이미마,양식,수원시 팔달구 신풍로 48-5(신풍동),경기도 수원시 팔달구 신풍동 24,37.2853149,127.0145007,0507-1479-7751,2025-03-18
고운돈 79냉삼집,한식,"수원시 영통구 반달로 50, 1층(영통동)",경기도 수원시 영통구 영통동 1014-2,37.249829,127.0772197,031-205-5678/0507-1472-5681,2025-03-18
냉삼집(망포역점),한식,"수원시 영통구 영통로214번길9, 106호(영통동, 서린프라자)",경기도 수원시 영통구 영통동 975-13 서린프라자,37.2465868,127.0576329,031-206-3389,2025-03-18
큰집 멸치국수,한식,"수원시 권선구 세권로195번길 26, 1층(권선동)",경기도 수원시 권선구 권선동 1047,37.2564853,127.0262263,031-305-5220,2025-03-18
웨이컬리(wakerley),카페/제과,"수원시 영통구 매탄로79번길 5-1, 1층 일부호(매탄동)",경기도 수원시 영통구 매탄동 1272-1,37.25809,127.0419888,0507-1378-4820,2025-03-18
명랑꽈배기,카페/제과,"수원시 권선구 하탑로 43, 1층(탑동, 냉동빌딩)",경기도 수원시 권선구 탑동 356-5 냉동빌딩,37.2693078,126.9763773,,2025-03-18
국수명가,한식,"수원시 권선구 평동로79번길 45, 1층 154호(평동, 수원에스케이브이원모터스)",경기도 수원시 권선구 평동 179 수원 SK V1 motors,37.2598766,126.9927774,031-242-8473,2025-03-18
인성한식부페,한식,"수원시 팔달구 수성로157번길 49-8, 1층(화서동)",경기도 수원시 팔달구 화서동 676-7,37.2882411,126.9886308,031-268-3351,2025-03-18
(주)김경자소문난대구왕뽈찜,한식,"경기도 수원시 장안구 경수대로973번길 13-17, 2층~4층 (송죽동)",경기도 수원시 장안구 송죽동 495-8 2층~4층 ,37.30333153,127.0052465,031-245-8259,2024-08-27
고궁누룽지백숙,한식,경기도 수원시 장안구 정조로 1094-3 (송죽동),경기도 수원시 장안구 송죽동 455-15 ,37.30280398,127.0024677,031-252-3391,2024-08-27
곤드레밥집,한식,경기도 수원시 장안구 장안로346번길 8 (이목동),경기도 수원시 장안구 이목동 861 ,37.31222037,126.9870324,031-269 -0076,2024-08-27
곤지암소머리국밥,한식,경기도 수원시 장안구 경수대로 1099 (파장동),경기도 수원시 장안구 파장동 575 ,37.31000726,126.9922331,031-247-1066,2024-08-27
골목집설렁탕,한식,경기도 수원시 장안구 팔달로291번길 21-17 (영화동),경기도 수원시 장안구 영화동 160-19 ,37.2910205,127.0147007,031-242-6059,2024-08-27
대박식당,한식,"경기도 수원시 장안구 대평로 80, 1동 126호 (정자동, 정연메이저)",경기도 수원시 장안구 정자동 877-4 정연메이저 1동 126호,37.29553643,126.9936207,031-268-8782,2024-08-27
덕수궁,한식,경기도 수원시 장안구 수일로123번길 115 (송죽동),경기도 수원시 장안구 송죽동 34-5 ,37.3126352,127.0064614,031-252-5789,2024-08-27
돈수백,한식,경기도 수원시 장안구 경수대로 880 (조원동),경기도 수원시 장안구 조원동 762-22 ,37.29908419,127.0128223,031-241-7300,2024-08-27
돼지천하,한식,경기도 수원시 장안구 정조로934번길 36 (영화동),경기도 수원시 장안구 영화동 161-64 ,37.29163655,127.014624,031-255-0173,2024-08-27
등촌샤브칼국수,한식,"경기도 수원시 장안구 대평로90번길 32, 203호 (정자동, 선일주차타운빌딩동)",경기도 수원시 장안구 정자동 875 선일주차타운빌딩동 203호,37.29651473,126.9946399,031-269-2626,2024-08-27
바람난장어,한식,"경기도 수원시 장안구 광교산로 160, 지하1,지상1층 (하광교동)","경기도 수원시 장안구 하광교동 403-1 지하1층, 지상1층 ",37.30154124,127.0318348,031-246-5666,2024-08-27
박은자맛사랑,한식,"경기도 수원시 장안구 대평로90번길 16, 201호 (정자동, 대일프라자)",경기도 수원시 장안구 정자동 876-8 ,37.29632817,126.993724,031-269-5799,2024-08-27
보영만두,분식,경기도 수원시 장안구 화산로233번길 30 (율전동),경기도 수원시 장안구 율전동 292-3 ,37.29844715,126.9705027,031-227-6700,2024-08-27
북경오리구이,한식,"경기도 수원시 장안구 송원로 63 (송죽동, 신성빌딩)",경기도 수원시 장안구 송죽동 506-8 신성빌딩 ,37.30077412,127.0083841,031-242-5292,2024-08-27
북문해물탕,한식,"경기도 수원시 장안구 정조로922번길 27 (영화동,1층)",경기도 수원시 장안구 영화동 160-2 1층 ,37.29080443,127.0146559,031-243-2441,2024-08-27
북수원화로,한식,"경기도 수원시 장안구 천천로 233 (이목동,외6필지)",경기도 수원시 장안구 이목동 403-11 외6필지 ,37.311188,126.9785874,031-269-6566,2024-08-27
사강식당,한식,경기도 수원시 장안구 팔달로 301 (영화동),경기도 수원시 장안구 영화동 169-8 ,37.29126778,127.0171131,031-256-7433,2024-08-27
삼봉집,한식,경기도 수원시 장안구 덕영대로511번길 29-12 (천천동),경기도 수원시 장안구 천천동 507-12 ,37.29955445,126.9800663,031-269-0357,2024-08-27
삼풍가든,한식,경기도 수원시 장안구 서부로 2388 (이목동),경기도 수원시 장안구 이목동 715 ,37.31739781,126.9854649,031-255-0969,2024-08-27
송담추어탕,한식,경기도 수원시 장안구 월드컵로 448 (영화동),경기도 수원시 장안구 영화동 380-2 ,37.29478357,127.0236972,031-247-7091,2024-08-27
송죽부산밀면국밥,한식,"경기도 수원시 장안구 경수대로 914, 2층 (조원동)",경기도 수원시 장안구 조원동 752-25 ,37.30134613,127.0102622,031-248-3999,2024-08-27
송풍가든,한식,경기도 수원시 장안구 경수대로 1013 (송죽동),경기도 수원시 장안구 송죽동 440-3 ,37.30622884,127.0006634,031-252-4700,2024-08-27
수천냉면,한식,경기도 수원시 장안구 덕영대로497번길 8-1 (천천동),경기도 수원시 장안구 천천동 503-1 ,37.29951697,126.9780436,031-269-6868,2024-08-27
시루향기,한식,경기도 수원시 장안구 만석로 198 (송죽동),경기도 수원시 장안구 송죽동 447-15 ,37.30397066,127.0009601,031-257-0035,2024-08-27
신나는대게파티,한식,"경기도 수원시 장안구 경수대로 1051, 가동 1층 (파장동)",경기도 수원시 장안구 파장동 594-11 가동 ,37.30782904,126.9969678,031-256-3433,2024-08-27
신사강식당,한식,경기도 수원시 장안구 정조로1088번길 11 (송죽동),경기도 수원시 장안구 송죽동 456-3 ,37.30271692,127.0032618,,2024-08-27
씨ㆍ후레쉬(Sea Fresh),일식,"경기도 수원시 장안구 금당로 2, 2층 (조원동)",경기도 수원시 장안구 조원동 728-19 2층 ,37.30350016,127.0129414,031-242-2920,2024-08-27
우와돈,한식,"경기도 수원시 장안구 만석로5번길 6, 201호 (천천동, 세화프라자)",경기도 수원시 장안구 천천동 528-1 세화프라자 201호,37.29526261,126.9828483,031-269-1588,2024-08-27
원할머니보쌈족발 박가부대찌개 조원점,한식,경기도 수원시 장안구 송원로 80 (조원동),경기도 수원시 장안구 조원동 752-19 ,37.30177028,127.009844,031-244-5252,2024-08-27
육미옥(조원점),한식,경기도 수원시 장안구 수일로 221 (조원동),경기도 수원시 장안구 조원동 53-1 ,37.30693713,127.0147555,031-255-8040,2024-08-27
장수옻닭,한식,경기도 수원시 장안구 영화로26번길 18 (영화동),경기도 수원시 장안구 영화동 432-2 ,37.28958706,127.0102332,031-245-7876,2024-08-27
제일숯불갈비,한식,경기도 수원시 장안구 연무로 19 (연무동),경기도 수원시 장안구 연무동 238-16 ,37.2937939,127.0288661,031-248-3392,2024-08-27
청담생고기,한식,경기도 수원시 장안구 광교산로 18 (영화동),경기도 수원시 장안구 영화동 44-5 ,37.29347219,127.0209235,031-251-3383,2024-08-27
청대문 곤드레밥,한식,"경기도 수원시 장안구 정자천로 187, 롯데프라자 2층 202호 (정자동)",경기도 수원시 장안구 정자동 874-2 롯데프라자 ,37.29656469,126.9954555,031-245-2921,2024-08-27
추미정 남원추어탕,한식,경기도 수원시 장안구 파장천로 123 (파장동),경기도 수원시 장안구 파장동 343-2 ,37.31494526,127.0014668,031-271-6400,2024-08-27
추오정남원추어탕,한식,경기도 수원시 장안구 천천로 240 (이목동),경기도 수원시 장안구 이목동 404-1 ,37.31194039,126.9787069,031-268-0789,2024-08-27
콩마당,한식,경기도 수원시 장안구 파장천로 92 (파장동),경기도 수원시 장안구 파장동 328-1 ,37.31257933,126.9991119,031-254-2827,2024-08-27
토기장이유황오리,한식,경기도 수원시 장안구 서부로 2178 (천천동),경기도 수원시 장안구 천천동 558-1 ,37.30254856,126.9734738,031-271-1118,2024-08-27
풍미락갈비,한식,"경기도 수원시 장안구 만석로19번길 25-6 (천천동,광장프라자 지층101호)",경기도 수원시 장안구 천천동 527-4 광장프라자 지층101호 ,37.29654758,126.9828678,031-269-0706,2024-08-27
한마당(생고기전문점),한식,경기도 수원시 장안구 장안로75번길 61 (정자동),경기도 수원시 장안구 정자동 75-3 102호,37.28985429,126.9995401,031-246-0288,2024-08-27
할머니네청국장,한식,"경기도 수원시 장안구 광교산로 506, 1층 (상광교동)",경기도 수원시 장안구 상광교동 146-6 ,37.32681722,127.0151618,031-241-4693,2024-08-27
화통집 수원북문점,한식,"경기도 수원시 장안구 팔달로259번길 10 (영화동,월드프라자 104호)",경기도 수원시 장안구 영화동 327-1 월드프라자 104호 ,37.2893041,127.0132889,031-252-9280,2024-08-27
화홍추어탕,한식,경기도 수원시 장안구 송원로41번길 9 (송죽동),경기도 수원시 장안구 송죽동 503-21 ,37.29937582,127.0066651,031-245-3660,2024-08-27
2005진돈가스,양식,경기도 수원시 권선구 세권로316번길 12-16 (권선동),경기도 수원시 권선구 권선동 1287-12 ,37.25166661,127.0370508,031-221-9507,2024-08-27
고반가든서수원점,한식,"경기도 수원시 권선구 일월천로4번길 22 (구운동,외 1필지 2,3층)","경기도 수원시 권선구 구운동 919-4 외 1필지 2,3층 ",37.28207013,126.9734439,031-227-8952,2024-08-27
고색소머리국밥냉면,한식,"경기도 수원시 권선구 고색로 24, 1층 (고색동)",경기도 수원시 권선구 고색동 377-27 ,37.24908016,126.9796862,031-278-2129,2024-08-27
넓은뜰,한식,"경기도 수원시 권선구 세화로 104 (평동,외 1필지)",경기도 수원시 권선구 평동 15-10 외 1필지 ,37.26159103,126.996345,031-296-5292,2024-08-27
놋그릇,한식,경기도 수원시 권선구 당수로 59 (당수동),경기도 수원시 권선구 당수동 693 ,37.27868428,126.9410111,031-296-6111,2024-08-27
달려라소돼지,한식,"경기도 수원시 권선구 정조로 445, 1층 (세류동)",경기도 수원시 권선구 세류동 587-3 ,37.24904432,127.0123465,031-224-7484,2024-08-27
돈까스여행,양식,"경기도 수원시 권선구 서부로 1640, 1,2층 (고색동)","경기도 수원시 권선구 고색동 886-5 1,2층 ",37.25527418,126.9744286,031-297-6655,2024-08-27
등촌샤브칼국수,한식,경기도 수원시 권선구 효원로230번길 10 (권선동),경기도 수원시 권선구 권선동 1011-6 ,37.26238933,127.0265164,031-235-2005,2024-08-27
등촌샤브칼국수,한식,경기도 수원시 권선구 금호로 196 (탑동),경기도 수원시 권선구 탑동 747-3 ,37.27446033,126.9716086,031-298-4101,2024-08-27
마이어스 수원점,한식,"경기도 수원시 권선구 경수대로 270, 터미널동 3층 (권선동)",경기도 수원시 권선구 권선동 1189 터미널동 3층 ,37.25018811,127.0207006,031-267-5500,2024-08-27
마포집손칼국수,한식,경기도 수원시 권선구 서부로 1780-26 (탑동),경기도 수원시 권선구 탑동 431-1 ,37.26752982,126.9732794,031-296-6686,2024-08-27
마포해장뼈다귀,한식,"경기도 수원시 권선구 오목천로 143-1, 1,2층 (고색동)",경기도 수원시 권선구 고색동 485-2 ,37.24490121,126.9758736,,2024-08-27
명금애한상차림,한식,경기도 수원시 권선구 권선로 643 (권선동),경기도 수원시 권선구 권선동 963-6 ,37.26075209,127.0218638,031-226-3578,2024-08-27
미락,한식,경기도 수원시 권선구 경수대로338번길 20 (권선동),경기도 수원시 권선구 권선동 1057-5 ,37.25626099,127.0234819,031-237-0204,2024-08-27
병만네닭갈비,한식,"경기도 수원시 권선구 금호로 196 (탑동,2층)",경기도 수원시 권선구 탑동 747-5 ,37.27446033,126.9716086,031-296-0280,2024-08-27
북경오리구이,한식,"경기도 수원시 권선구 장다리로 131, 그랜드스위트 1층 101, 102, 103, 104, 105호 (권선동)",경기도 수원시 권선구 권선동 957 ,37.26197431,127.0225735,031-236-5292,2024-08-27
불타는안창살,한식,"경기도 수원시 권선구 정조로482번길 2, 1층 (세류동)",경기도 수원시 권선구 세류동 993-18 1층 ,37.25213595,127.0117553,031-213-0413,2024-08-27
샤브채,한식,경기도 수원시 권선구 세권로316번길 12-14 (권선동),경기도 수원시 권선구 권선동 1287-11 ,37.25163521,127.0372045,031-235-0166,2024-08-27
석산정,한식,경기도 수원시 권선구 정조로388번길 7-7 (세류동),경기도 수원시 권선구 세류동 1146-33 ,37.24465484,127.0149841,031-232-5589,2024-08-27
송가네,한식,경기도 수원시 권선구 탑동로11번길 6-1 (탑동),경기도 수원시 권선구 탑동 837-3 ,37.27000534,126.9745171,031-296-6670,2024-08-27
송담추어탕,한식,"경기도 수원시 권선구 구운로86번길 23 (구운동,2층)",경기도 수원시 권선구 구운동 476-7 2층 ,37.28070351,126.9742373,031-247-7091,2024-08-27
송이낙지마당,한식,경기도 수원시 권선구 하탑로 7 (탑동),경기도 수원시 권선구 탑동 818-4 ,37.26861385,126.9724419,031-291-8488,2024-08-27
송탄참작부대찌개,한식,경기도 수원시 권선구 동수원로146번길 201 (곡반정동),경기도 수원시 권선구 곡반정동 532-4 ,37.24186938,127.0330656,031-251-9291,2024-08-27
양촌리,한식,"경기도 수원시 권선구 권선로 724 (권선동,1,2층)","경기도 수원시 권선구 권선동 1026-6 1,2층 ",37.25801965,127.0301883,031-235-9254,2024-08-27
오정설렁탕(수원본점),한식,"경기도 수원시 권선구 호매실로 21-26, 1층 (고색동)",경기도 수원시 권선구 고색동 1184 ,37.25470792,126.9725987,031-227-3188,2024-08-27
외식중학교,한식,"경기도 수원시 권선구 매송고색로 634-17, 1~2층 (고색동)",경기도 수원시 권선구 고색동 914-38 1~2층 ,37.24620326,126.9735163,031-227-3988,2024-08-27
육콩(벤처밸리점),한식,"경기도 수원시 권선구 산업로156번길 142-10, 수원벤처밸리∥ 1층 101호 (고색동)",경기도 수원시 권선구 고색동 1152 수원벤처밸리∥ ,37.23844501,126.9864564,031-5182-8108,2024-08-27
이서방 왕 족발보쌈 수원본점,한식,경기도 수원시 권선구 세권로 134 (세류동),경기도 수원시 권선구 세류동 1075-10 ,37.25679331,127.0190138,031-233-5515,2024-08-27
인계쭈꾸미앤감자탕,한식,경기도 수원시 권선구 권선로 667 (권선동),경기도 수원시 권선구 권선동 1020-3 SONOHEIM ,37.26015015,127.0244275,031-234-1130,2024-08-27
제주청정돼지,한식,"경기도 수원시 권선구 세권로316번길 12-9 (권선동,(온수골1길5))",경기도 수원시 권선구 권선동 1290-5 (온수골1길5) ,37.25133701,127.0373252,031-224-1106,2024-08-27
종가집추어탕,한식,경기도 수원시 권선구 동수원로146번길 233-25 (곡반정동),경기도 수원시 권선구 곡반정동 551-4 ,37.23939717,127.0317745,031-234-3454,2024-08-27
차이,중식,경기도 수원시 권선구 하탑로 7 (탑동),경기도 수원시 권선구 탑동 818-3 ,37.26861385,126.9724419,031-278-2490,2024-08-27
초암골,한식,"경기도 수원시 권선구 권선로713번길 20 (권선동,가동)",경기도 수원시 권선구 권선동 1015-2 가동 ,37.25941885,127.0299733,031-222-2662,2024-08-27
태흥장어,한식,"경기도 수원시 권선구 곡반정로 58, 2층 (곡반정동)",경기도 수원시 권선구 곡반정동 339-3 ,37.23388172,127.0284758,031-233-0592,2024-08-27
한끼나주곰탕,한식,"경기도 수원시 권선구 서부로 1369, 1층 (오목천동)",경기도 수원시 권선구 오목천동 764 ,37.23189551,126.9838026,,2024-08-27
한상,한식,"경기도 수원시 권선구 칠보로88번길 50, 1층 (호매실동)",경기도 수원시 권선구 호매실동 666-2 ,37.26481422,126.9471518,031-296-5550,2024-08-27
한우이야기,한식,"경기도 수원시 권선구 서수원로594번길 139, 1층 (입북동)",경기도 수원시 권선구 입북동 796-11 ,37.28121908,126.9610303,031-291-5024,2024-08-27
해담맛집코다리마을,한식,"경기도 수원시 권선구 일월천로4번길 10 (구운동,1층, 2층)","경기도 수원시 권선구 구운동 919-2 1층, 2층 ",37.28237699,126.972902,031-292-1191,2024-08-27
화성궁,한식,"경기도 수원시 권선구 덕영대로1368번길 84 (곡반정동,번지 외 1필지)",경기도 수원시 권선구 곡반정동 111-2 번지 외 1필지 ,37.24184718,127.0377013,031- 221-8855,2024-08-27
가보정 1관,한식,경기도 수원시 팔달구 장다리로 282 (인계동),경기도 수원시 팔달구 인계동 958-1 지하1층~지상4층 ,37.27422832,127.0287089,1600-3883,2024-08-27
가보정 2관,한식,경기도 수원시 팔달구 장다리로 281 (인계동),경기도 수원시 팔달구 인계동 956-14 ,37.27449408,127.0281642,1600-3883,2024-08-27
강원도막국수,한식,경기도 수원시 팔달구 갓매산로 70 (고등동),경기도 수원시 팔달구 고등동 300-14 ,37.27002345,127.0032619,031-252-6677,2024-08-27
고기랑,한식,경기도 수원시 팔달구 권광로196번길 49 (인계동),경기도 수원시 팔달구 인계동 1116-6 1~2층 ,37.26451557,127.0358996,031-221-6780,2024-08-27
고등반점,중식,경기도 수원시 팔달구 팔달로52번길 43 (고등동),경기도 수원시 팔달구 고등동 139-27 ,37.27505522,127.0030893,031-251-3291,2024-08-27
곤드레밥집,한식,"경기도 수원시 팔달구 권광로134번길 12, 2,3층 (인계동)","경기도 수원시 팔달구 인계동 1132-8 2,3층 ",37.25933412,127.0318035,031-238-2522,2024-08-27
궁궐삼계탕,한식,경기도 수원시 팔달구 향교로 53 (매산로2가),경기도 수원시 팔달구 매산로2가 8-6 ,37.26959351,127.0066285,031-243-4471,2024-08-27
긴자,일식,경기도 수원시 팔달구 경수대로 494 (인계동),경기도 수원시 팔달구 인계동 950-9 ,37.26994441,127.0283667,031-236-7771,2024-08-27
길림성인계점,중식,경기도 수원시 팔달구 권광로 277 (인계동),경기도 수원시 팔달구 인계동 369-4 ,37.27213003,127.0354888,031-111-1122,2024-08-27
김사장아구찜,한식,경기도 수원시 팔달구 경수대로 716 (우만동),경기도 수원시 팔달구 우만동 472-7 ,37.28909895,127.0261512,031-256-5292,2024-08-27
깡우동인계점,분식,경기도 수원시 팔달구 효원로265번길 41 (인계동),경기도 수원시 팔달구 인계동 1043-9 ,37.26394228,127.0312896,,2024-08-27
나고야스시덕,한식,"경기도 수원시 팔달구 권광로175번길 31-12, 2층 (인계동)",경기도 수원시 팔달구 인계동 1044-2 ,37.26333103,127.0302036,031-237-8888,2024-08-27
낙지대감,한식,경기도 수원시 팔달구 수성로157번길 27-21 (화서동),경기도 수원시 팔달구 화서동 682-1 ,37.28760998,126.9886443,031-269-0227,2024-08-27
다림,한식,"경기도 수원시 팔달구 정조로800번길 24, 2층 (남수동)",경기도 수원시 팔달구 남수동 112-3 ,37.27946915,127.0181308,031-255-2847,2024-08-27
다올,한식,"경기도 수원시 팔달구 효원로 28, 1층 (매산로3가)",경기도 수원시 팔달구 매산로3가 127-1 ,37.27100223,127.0088227,031-223-1718,2024-08-27
담평추어탕감자탕,한식,"경기도 수원시 팔달구 향교로 117-1, 1층 (교동)","경기도 수원시 팔달구 교동 21-1 ,1층 ",37.27203982,127.0132436,031-255-7261,2024-08-27
대성농장생오리,한식,경기도 수원시 팔달구 인계로 53 (인계동),경기도 수원시 팔달구 인계동 871-5 ,37.26951563,127.0237448,031-235-0009,2024-08-27
동천홍,중식,경기도 수원시 팔달구 매산로130번길 12 (매교동),경기도 수원시 팔달구 매교동 26-9 ,37.27128265,127.0150153,031-224-2888,2024-08-27
두꺼비집,한식,경기도 수원시 팔달구 향교로 100 (매산로3가),경기도 수원시 팔달구 매산로3가 45-1 ,37.2711406,127.0113688,031-242-4267,2024-08-27
바다예찬,일식,경기도 수원시 팔달구 효원로249번길 18-5 (인계동),경기도 수원시 팔달구 인계동 1044-21 ,37.263472,127.030007,031-224-8959,2024-08-27
밥술앤꽃게야,한식,경기도 수원시 팔달구 팔달문로150번길 16 (우만동),경기도 수원시 팔달구 우만동 553-5 ,37.28208835,127.0325793,,2024-08-27
백청우칼국수,한식,"경기도 수원시 팔달구 장다리로 253, 2층 (인계동)",경기도 수원시 팔달구 인계동 267-1 ,37.27238103,127.0267062,031-239-2009,2024-08-27
석산민물매운탕,한식,"경기도 수원시 팔달구 세지로198번길 41, 1층 (인계동)",경기도 수원시 팔달구 인계동 976-3 ,37.26836199,127.0252035,031-233-8145,2024-08-27
선창민물장어전문점,한식,"경기도 수원시 팔달구 팔달로 123-4 (화서동, 1,2층)","경기도 수원시 팔달구 화서동 71-84 1,2층 ",37.27990892,127.0038858,031-242-5088,2024-08-27
수원회관,한식,경기도 수원시 팔달구 효원로219번길 46-21 (인계동),경기도 수원시 팔달구 인계동 1025-5 1층 ,37.26520367,127.0279863,031-222-1919,2024-08-27
씨제이푸드빌(주)빕스수원역사점,양식,"경기도 수원시 팔달구 덕영대로 924, 3층 (매산로1가)",경기도 수원시 팔달구 매산로1가 18 3층 ,37.26567687,127.0000961,031-240-1997,2024-08-27
씨제이푸드빌(주)빕스아주대점,양식,경기도 수원시 팔달구 중부대로 233 (우만동),경기도 수원시 팔달구 우만동 90 외 3필지 ,37.27584291,127.0416893,031-216-1997,2024-08-27
양평해장국,한식,"경기도 수원시 팔달구 경수대로466번길 51, 101호 (인계동)",경기도 수원시 팔달구 인계동 1035-10 101호,37.267134,127.0300705,031-221-0236,2024-08-27
연포갈비,한식,경기도 수원시 팔달구 정조로906번길 56-5 (북수동),경기도 수원시 팔달구 북수동 25-3 ,37.28760304,127.0167097,031-255-1337,2024-08-27
영천두툼이숯불갈비냉면,한식,경기도 수원시 팔달구 경수대로480번길 3 (인계동),경기도 수원시 팔달구 인계동 950-5 ,37.26907389,127.0280557,031-225-3300,2024-08-27
영화루,중식,경기도 수원시 팔달구 정조로791번길 3 (팔달로2가),경기도 수원시 팔달구 팔달로2가 90-3 ,37.27854314,127.016362,031-255-6925,2024-08-27
왕꼼장어,일식,경기도 수원시 팔달구 향교로 49-1 (매산로2가),경기도 수원시 팔달구 매산로2가 7-11 ,37.26948621,127.0063549,031-246-6996,2024-08-27
원도토리마을,한식,경기도 수원시 팔달구 덕영대로757번길 7 (화서동),경기도 수원시 팔달구 화서동 220-7 ,37.27999638,126.993393,031-241-7900,2024-08-27
육전국밥 수원화서역점,한식,경기도 수원시 팔달구 수성로157번길 43 (화서동),경기도 수원시 팔달구 화서동 677-6 ,37.28800693,126.9890829,031-269-8686,2024-08-27
이가네,한식,"경기도 수원시 팔달구 매산로116번길 28-2, 1층 (교동)",경기도 수원시 팔달구 교동 142-23 1층 ,37.27006062,127.0138329,,2024-08-27
정통춘천닭갈비,한식,경기도 수원시 팔달구 수성로157번길 5-9 (화서동),경기도 수원시 팔달구 화서동 681-8 ,37.28631905,126.9894568,031-269-5949,2024-08-27
조선삼계탕,한식,"경기도 수원시 팔달구 인계로166번길 48-21 (인계동, 샤르망오피스텔 201호)",경기도 수원시 팔달구 인계동 1119 샤르망오피스텔 201호 ,37.26460559,127.0334236,031-232-3341,2024-08-27
주식회사 본수원,한식,경기도 수원시 팔달구 중부대로223번길 41 (우만동),"경기도 수원시 팔달구 우만동 51-20 51-20번지외3필지(103-4,100-19,104) ",37.27801433,127.0406586,031-211-8434,2024-08-27
채상궁,한식,"경기도 수원시 팔달구 수성로157번길 5-7, 1층 (화서동)",경기도 수원시 팔달구 화서동 680-3 1층 ,37.28618752,126.9896964,031-269-8600,2024-08-27
토시래 수원역점,한식,경기도 수원시 팔달구 향교로 15-1 (매산로1가),경기도 수원시 팔달구 매산로1가 37-15 ,37.26815488,127.0028508,031-257-7825,2024-08-27
팔덕식당 수원직영점,한식,경기도 수원시 팔달구 경수대로519번길 12-10 (인계동),경기도 수원시 팔달구 인계동 959-6 ,37.27295336,127.0282812,031-234-2356,2024-08-27
한국관,한식,경기도 수원시 팔달구 권선로741번길 16-8 (인계동),경기도 수원시 팔달구 인계동 1134-1 ,37.2581804,127.0329043,031-217-8889,2024-08-27
행화촌,중식,경기도 수원시 팔달구 권광로180번길 42-7 (인계동),경기도 수원시 팔달구 인계동 1122-1 ,37.26258447,127.0352372,031-239-4900,2024-08-27
화서염소탕,한식,"경기도 수원시 팔달구 수성로157번길 27-4, 103호 (화서동, 우영프라자)",경기도 수원시 팔달구 화서동 678-2 우영프라자 103호,37.28746598,126.9893684,031-269-5798,2024-08-27
(유)아웃백스테이크하우스코리아 광교점,양식,"경기도 수원시 영통구 광교중앙로 140, 수원컨벤션센터 1층 (하동)",경기도 수원시 영통구 하동 855-2 수원컨벤션센터 ,37.28582866,127.0594469,031-267-0911,2024-08-27
가원,한식,"경기도 수원시 영통구 영통로 277-3 (신동,2층,3층)","경기도 수원시 영통구 신동 359-1 2층,3층 ",37.25117919,127.0594863,031-204-1771,2024-08-27
경복궁,한식,"경기도 수원시 영통구 반달로 31 (영통동, 1009-3 호원빌딩 201호)",경기도 수원시 영통구 영통동 1009-3 호원빌딩 201호 ,37.25106876,127.0759666,031-205-7778,2024-08-27
고기가살살녹소,한식,"경기도 수원시 영통구 태장로54번길 64-1 (망포동,1층)",경기도 수원시 영통구 망포동 650-43 1층 ,37.23635486,127.051351,031-203-6200,2024-08-27
고기까페 엠쿡,한식,"경기도 수원시 영통구 매영로345번길 7, 2층 201호 (영통동)",경기도 수원시 영통구 영통동 961-6 영통트리플렉스 201호,37.25276901,127.0709009,031-202-6992,2024-08-27
고베맨숀,한식,경기도 수원시 영통구 대학1로58번길 6 (이의동),경기도 수원시 영통구 이의동 1262-1 ,37.29933255,127.0457992,031-215-4695,2024-08-27
광교벌교집 광교점,한식,"경기도 수원시 영통구 광교중앙로266번길 30, 그랜드프라자 2층 211,212호 (하동)","경기도 수원시 영통구 하동 984 그랜드프라자, 2층  211,212호 ",37.2923086,127.0687161,031-214-0606,2024-08-27
굴비한두름,한식,"경기도 수원시 영통구 법조로149번길 230, 1층 (하동)",경기도 수원시 영통구 하동 958-6 1층 ,37.29396032,127.0699027,031-211-4744,2024-08-27
궁돈보쌈,한식,"경기도 수원시 영통구 영통로241번길 12-35 (신동, 342-5외 3필지)",경기도 수원시 영통구 신동 342-5 외 3필지 ,37.24943727,127.0578881,031-203-9399,2024-08-27
남경,중식,"경기도 수원시 영통구 매탄로108번길 52, 로진프라자 101,102,103,104호 (매탄동)",경기도 수원시 영통구 매탄동 1266-3 로진프라자 ,37.259432,127.0452854,031-214-7667,2024-08-27
남도,일식,"경기도 수원시 영통구 영통로217번길 21, 2층 (영통동)",경기도 수원시 영통구 영통동 978-2 ,37.24663954,127.0557967,031-235-4777,2024-08-27
도봉산갈비,한식,"경기도 수원시 영통구 매탄로100번길 7-6 (매탄동, 1263-1)",경기도 수원시 영통구 매탄동 1263-1 ,37.25976151,127.0438571,031-217-6066,2024-08-27
동산참숯갈비,한식,"경기도 수원시 영통구 영통로 305 (매탄동, 551-1)",경기도 수원시 영통구 매탄동 551-1 ,37.25343787,127.0615407,031-216-2772,2024-08-27
동수원갈비,한식,"경기도 수원시 영통구 영통로 237, 에이스 하이엔드 타워 영통 지하2층 B207~B208호 (신동)",경기도 수원시 영통구 신동 338 에이스 하이엔드 타워 영통 ,37.24866785,127.0570044,031-206-2822,2024-08-27
두꺼비집,한식,경기도 수원시 영통구 반달로 32 (영통동),경기도 수원시 영통구 영통동 1008-11 ,37.25087823,127.0754811,031-202-4267,2024-08-27
먹고보리,한식,경기도 수원시 영통구 웰빙타운로36번길 46-107 (이의동),경기도 수원시 영통구 이의동 1216-5 ,37.30899894,127.0517204,031-214-9952,2024-08-27
바나나테이블,외국음식전문점,"경기도 수원시 영통구 센트럴타운로 85, 203동 B102,B105호 (이의동, 아브뉴프랑)","경기도 수원시 영통구 이의동 1332 아브뉴프랑 B102gh, B105 203동 ",37.29156767,127.0504709,031-215-0008,2024-08-27
박경규항아리보쌈,한식,"경기도 수원시 영통구 센트럴파크로127번길 41 (이의동, 1층)",경기도 수원시 영통구 이의동 1312 1층 ,37.29453354,127.0541088,031-212-0101,2024-08-27
밥풀떼기,한식,"경기도 수원시 영통구 청명남로28번길 20, 플러스타운빌딩 2층 208호 (영통동)",경기도 수원시 영통구 영통동 1009-2 플러스타운빌딩 ,37.25145875,127.0759359,031-202-0444,2024-08-27
버들치,한식,"경기도 수원시 영통구 웰빙타운로36번길 46-252, 2층 (이의동)",경기도 수원시 영통구 이의동 1222-5 ,37.31205956,127.054372,031-212-8989,2024-08-27
보림돼지갈비,한식,"경기도 수원시 영통구 센트럴타운로 15, 1층 106,107,108호 (이의동, 아이플렉스)","경기도 수원시 영통구 이의동 1335 아이플렉스 106,107,108호 ",37.28821915,127.0573744,031-211-0637,2024-08-27
복방글,일식,"경기도 수원시 영통구 매탄로108번길 16, 엔타운 3층 301호 (매탄동)",경기도 수원시 영통구 매탄동 1262-2 엔타운 ,37.25998951,127.0442511,031-216-5007,2024-08-27
비금도,일식,경기도 수원시 영통구 청명로21번길 20 (영통동),경기도 수원시 영통구 영통동 1029-8 ,37.25033654,127.079304,031-206-3733,2024-08-27
삼국지제철수산,한식,"경기도 수원시 영통구 영통로 136 (망포동,211호,212호)","경기도 수원시 영통구 망포동 386 211호,212호 ",37.23961746,127.0563052,031-205-7351,2024-08-27
샤브향,한식,"경기도 수원시 영통구 청명남로 39 (영통동,럭셔리프라자 (206호, 207호))","경기도 수원시 영통구 영통동 998-9 럭셔리프라자 (206호, 207호) ",37.25322241,127.075711,031-204-2223,2024-08-27
서린낙지,한식,"경기도 수원시 영통구 동수원로 515 (매탄동,외4필지 2층)",경기도 수원시 영통구 매탄동 101-2 외4필지 2층 ,37.2732508,127.0467598,031-215-5725,2024-08-27
서울24시감자탕해장국,한식,"경기도 수원시 영통구 덕영대로 1485 (망포동, 28-9,2~3층)",경기도 수원시 영통구 망포동 28-9 2~3층 ,37.24599747,127.0532276,031-206-2324,2024-08-27
선가,한식,"경기도 수원시 영통구 산남로 8, 2층 (매탄동)",경기도 수원시 영통구 매탄동 834-16 ,37.26434459,127.0473335,031-213-0202,2024-08-27
소곱친구,한식,"경기도 수원시 영통구 효원로 393, 밀래니엄프라자 2층 202,203호 (매탄동)",경기도 수원시 영통구 매탄동 1267-5 밀래니엄프라자 ,37.2591165,127.0446949,0507-1389-3349,2024-08-27
신라갈비,한식,"경기도 수원시 영통구 동수원로 538 (원천동, 89-7)",경기도 수원시 영통구 원천동 89-7 ,37.27375032,127.0492296,031-212-2354,2024-08-27
엄지민물매운탕,한식,"경기도 수원시 영통구 영통로217번길 11 (영통동, 978-5 1층)",경기도 수원시 영통구 영통동 978-5 1층 ,37.24666007,127.0564101,031-203-2581,2024-08-27
연평도원조꽃게,한식,"경기도 수원시 영통구 권선로 923 (신동, 503-7)",경기도 수원시 영통구 신동 503-7 ,37.24786541,127.0477769,031-205-1233,2024-08-27
영동갈비,일식,"경기도 수원시 영통구 청명남로34번길 21, 영통 테라스가든 주차빌딩 2층 211,212호 (영통동)",경기도 수원시 영통구 영통동 1011-5 ,37.25232684,127.076726,031-205-9998,2024-08-27
영통복요리,일식,"경기도 수원시 영통구 청명로59번길 45-23 (영통동, 1027-17)",경기도 수원시 영통구 영통동 1027-17 ,37.25020615,127.0803861,031-204-0003,2024-08-27
우판등심수원점,한식,"경기도 수원시 영통구 권선로908번길 10 (신동, 우판등심수원점)",경기도 수원시 영통구 신동 529-14 우판등심수원점 ,37.24843568,127.0454805,031-204-0086,2024-08-27
정성한우 정육식당,한식,"경기도 수원시 영통구 반달로 21(영통동, 매직프라자 206호)",경기도 수원시 영통구 영통동 1009-6 매직프라자 206호 ,37.25163151,127.0750439,031-202-9295,2024-08-27
제주할망돈가,한식,"경기도 수원시 영통구 동탄지성로 454-11, 1층 (망포동)",경기도 수원시 영통구 망포동 668-5 1층 ,37.23325972,127.0471277,031-252-5292,2024-08-27
지호한방삼계탕,한식,"경기도 수원시 영통구 청명남로28번길 2 (영통동, 1009-1 아이텐텐빌딩 203호)",경기도 수원시 영통구 영통동 1009-1 아이텐텐빌딩 203호 ,37.25190413,127.0752437,031-203-8533,2024-08-27
착한고기 광교점,한식,"경기도 수원시 영통구 대학로 14, 2층 (이의동)",경기도 수원시 영통구 이의동 1275-9 ,37.29783641,127.0423157,031-217-9234,2024-08-27
천지연 신영통점,한식,"경기도 수원시 영통구 봉영로 1377, 1,2층 (망포동, 주건축물제2동 )",경기도 수원시 영통구 망포동 482-4 ,37.23739777,127.0604333,031-202-5502,2024-08-27
청하생고기,한식,"경기도 수원시 영통구 효원로 393, 2층 (매탄동, 밀래니엄프라자)",경기도 수원시 영통구 매탄동 1267-5 외1필지 밀래니엄프라자 ,37.2591165,127.0446949,031-215-6116,2024-08-27
추오정남원추어탕 광교점,한식,"경기도 수원시 영통구 월드컵로150번길 34, 1층 (원천동)",경기도 수원시 영통구 원천동 572-1 1층 ,37.27852675,127.0502753,031-213-1777,2024-08-27
출출,일식,"경기도 수원시 영통구 반달로 100(영통동, 1037-13 2층전체)",경기도 수원시 영통구 영통동 1037-13 2층전체 ,37.25261649,127.0776194,031-202-1118,2024-08-27
티철판요리,한식,"경기도 수원시 영통구 월드컵로150번길 26, 링크프라자 2층 201호 (원천동)",경기도 수원시 영통구 원천동 572-3 201호,37.27817145,127.0500972,031-233-5428,2024-08-27
하나참치,일식,"경기도 수원시 영통구 청명남로34번길 21, 204,205호 (영통동, 테라스가든)",경기도 수원시 영통구 영통동 1011-5 ,37.25232684,127.076726,031-231-1137,2024-08-27
하누담,한식,"경기도 수원시 영통구 청명남로34번길 21, 208~210호 (영통동)",경기도 수원시 영통구 영통동 1011-5 ,37.25232684,127.076726,031-273-9922,2024-08-27
호수오면돼지,일식,"경기도 수원시 영통구 센트럴파크로 33, 지하1층 B04호 (하동)",경기도 수원시 영통구 하동 1014-2 ,37.28856268,127.0624314,031-217-5353,2024-08-27
홍익돈까스(영통망포점),양식,경기도 수원시 영통구 태장로54번길 102 (망포동),경기도 수원시 영통구 망포동 649-16 ,37.23460835,127.0515738,031-206-3811,2024-08-27
홍천화로구이,한식,"경기도 수원시 영통구 영통로501번길 48-4 (영통동, 951-1)",경기도 수원시 영통구 영통동 951-1 ,37.26534618,127.0766121,031-205-5461,2024-08-27
화포식당,한식,"경기도 수원시 영통구 청명남로 54, 1-2층 (영통동)",경기도 수원시 영통구 영통동 1038-3 ,37.25401868,127.0770922,031-202-6925,2024-08-27
성심옥,한식,"경기도 수원시 영통구 삼성로 176-1, 101호(매탄동)",경기도 수원시 영통구 매탄동 436-38,37.25867,127.0578,0507-1389-3349,2024-08-27
